,NameSpe,Price,OldP,Discount,RatNo,oldP
0,"Tecno  POP 3, 5.7"", 16GB + 1GB, Dual Sim, Black","KSh 7,047","KSh 12,500",44%,3.8 out of 5(31),
1,"Ulefone Note 7, 6.1"", 1GB + 16GB, 3500mAh, (Dual SIM) - Black","KSh 5,499","KSh 6,499",15%,4.1 out of 5(970),
2,UMIDIGI A7-4GB+64GB-6.49''-Android 10-16MP+8MP+5MP+5MP-16MP-4150 MAh-Triple Slots-Grey,"KSh 10,500","KSh 10,600",1%,4.5 out of 5(14),
3,"Ulefone Note 7 Pro, 6.1"" HD, 3GB +32GB (Dual SIM) - Black","KSh 7,499","KSh 11,499",35%,4.3 out of 5(732),
4,"Ulefone Note 7, 6.1 Inches, 1GB + 16GB (Dual SIM) - Twilight","KSh 5,499","KSh 6,499",15%,4.2 out of 5(852),
5,Itel It 2160 - Dual SIM - Dark Blue,KSh 929,KSh 930,1%,4.5 out of 5(114),
6,"Cubot P30, 6.3 Inch, 4 GB + 64 GB, (Dual SIM)  Triple Camera- Green","KSh 11,200","KSh 19,999",44%,4.1 out of 5(230),
7,"Samsung Galaxy A21s - 6.5"" - 64GB ROM + 4GB RAM - Dual SIM - Black","KSh 18,130","KSh 28,000",35%,4.8 out of 5(23),
8,"Tecno Camon 15, 6.6"", 64GB + 4GB (Dual SIM), 48MP ,5000mAH - Purple +OTG &Selfie Stick","KSh 15,999","KSh 20,000",20%,4.6 out of 5(48),
9,"Cubot P40, 6.2"", 4GB + 128GB, (Dual SIM) Quad Camera Android 10 NFC 20MP Selfie- Black","KSh 13,090","KSh 13,750",5%,4.2 out of 5(16),
10,"Ulefone Note 7 Pro, 6.1"", 3 GB + 32 GB, (Dual SIM), Twilight","KSh 8,299","KSh 8,499",2%,4.1 out of 5(908),
11,"Tecno POP 3, 5.7"", 1GB + 16GB, 3500mAh, Dual Sim - Black + FREE Cover &  OTG Cable","KSh 7,049","KSh 10,500",33%,3.9 out of 5(154),
12,"Ulefone Note 8P, 5.5"", 16GB + 2GB RAM (Dual SIM), 2700mAh, Midnight Green","KSh 6,499","KSh 6,999",7%,4.1 out of 5(32),
13,"Safaricom Neon Ray LTE,5""Display 1GBRam + 8GBRom + Selfie Stick+Otg+Ring - Black","KSh 3,999","KSh 4,500",11%,3.6 out of 5(18),
14,"Tecno Pop 4, 6.0"", 2GB+32GB, 3G (Dual SIM) 5000MAh-Green","KSh 8,830","KSh 12,000",26%,4 out of 5(9),
15,"Tecno F1 - 5"" - 8GB+1GB RAM - 2000mAh - Dual SIM - Black","KSh 5,079","KSh 9,999",49%,4.2 out of 5(86),
16,"Ulefone Note 7 - 6.1""- 1GB+16GB - 8MP+2MP+2MP - DUAL SIM - Green","KSh 5,499","KSh 6,499",15%,4.2 out of 5(291),
17,"Oppo A5s, 6.2"", 32GB + 3GB  (Dual SIM) 4G, Blue","KSh 14,988","KSh 20,999",29%,4.7 out of 5(22),
18,Generic Phone Camera HD Lens Universal Clip-on 12X Zoom Cell Phone,KSh 252,KSh 459,45%,1 out of 5(3),
19,"Kxd A1, 5.7inch, 1GB+ 16GB, 8MP+0.3MP+5MP Selfie,Android 8.1, Dual Sim.","KSh 5,240","KSh 7,500",30%,4.2 out of 5(44),
20,"Tecno POP 3, 5.7"", 16GBROM,1GBRAM, 3500mAh, Dual Sim - Black","KSh 6,999","KSh 12,999",46%,4.1 out of 5(34),
21,"Tecno F1, 5.0'', 8 GB + 1 GB, (Dual SIM), - Elegant Black, & FREE Cover + OTG Cable","KSh 5,377","KSh 8,000",33%,3.9 out of 5(54),
22,"Cubot P30, 6.3"", 4GB + 64GB, 12MP+20MP+8MP+13MP, (Dual SIM), Black","KSh 9,900","KSh 19,412",49%,4.1 out of 5(264),
23,"Ulefone Note 7 Pro, 6.1"", 3 GB + 32 GB, (Dual SIM) -  Green ","KSh 8,299","KSh 8,499",2%,4.3 out of 5(39),
24,Generic Refined Mini Mobile Phone Ultra Thin Touch Control Card Mobile Phone Fashion Alternate Anica T8-black,"KSh 3,299","KSh 4,713",30%,,
25,Generic Note10+ 5-Inch Digital Display Screen Hd Camera Quad-Core Smartphone,"KSh 4,171","KSh 8,342",50%,,
26,"Safaricom Neon Ray LTE,5""Display 1GBRam + 8GBRom, - Black","KSh 3,700","KSh 6,666",44%,4.8 out of 5(9),
27,UMIDIGI A7-4GB+64GB-6.49''-Android 10-16MP+8MP+5MP+5MP-16MP-4150 MAh-Triple Slots-Green,"KSh 10,500","KSh 10,600",1%,5 out of 5(11),
28,"Tecno Pop 3 -(BB2) 16GB+1GB RAM- 5.7"" - 3500mAh Battery - Dual SIM - Black","KSh 6,810",,,4.3 out of 5(64),
29,Tecno Pop 3 -16 GB + 1 GB RAM - Dual Sim- Black - 3500mAh Battery + 5.7''screen,"KSh 6,989","KSh 13,000",46%,4.5 out of 5(40),
30,"Oppo A31, 6.5"", 4GB RAM + 128GB (Dual SIM), 4230mAh, Lake Green","KSh 17,999","KSh 20,999",14%,4.3 out of 5(28),
31,"Ulefone S11, 6.1"", 1GB RAM + 16GB (Dual SIM), 3500mAh, Black","KSh 6,299","KSh 7,199",13%,4.1 out of 5(120),
32,"Nokia C1 - 5.45"" - 16GB + 1 GB - Dual Sim - 2500 mAh - 5MP - Charcoal + FREE RINGSTERN","KSh 6,399","KSh 11,000",42%,3.9 out of 5(79),
33,"Infinix ISmart 5, 6.6"", 32GB + 2GB RAM (Dual SIM), 3G, 5000MAh, Quetzal Cyan","KSh 10,200","KSh 12,000",15%,3.8 out of 5(5),
34,"E&L W45, 4.5inch ,512MP + 4GB, Clear Camera +2MP Selfie,Dual Sim","KSh 3,150","KSh 4,500",30%,2 out of 5(1),
35,"XIAOMI Redmi Note 9 6.53"" FHD+ 48MP 4GB+128GB 4G LTE Smartphone - Grey","KSh 18,199","KSh 20,499",11%,4.6 out of 5(49),
36,"Cubot R15 Pro - 6.26"" - (3GB+32GB) - 8MP+13MP - Dual SIM - Green","KSh 8,200","KSh 16,078",49%,4.4 out of 5(111),
37,"Infinix Hot 9 , 6.6"", 32GB + 2GB RAM (Dual SIM) 5000mAh - Ocean Wave","KSh 12,890","KSh 13,999",8%,4.4 out of 5(25),
38,"Tecno Camon 15, 4GB/64GB-48MP-5000mAh-4G-(Dual Sim)-purple+ Free Gifts","KSh 16,499","KSh 26,000",37%,4.7 out of 5(11),
39,"Infinix Smart 4, 16GB + 1GB RAM, 6.6"", (Two SIM), Purple+ Gift ,Cover","KSh 9,897","KSh 14,975",34%,4.1 out of 5(15),
40,,,,,,
41,,,,,,
42,,,,,,
43,,,,,,
44,,,,,,
45,,,,,,
46,,,,,,
47,,,,,,
48,"Oppo A1K 6.1"", 32GB + 2GB RAM, 8MP+5MP Camera, (Dual SIM) - Red","KSh 10,999","KSh 12,999",15%,4.3 out of 5(40),
49,"Infinix HOT 9 PLAY, 6.82', 32+2, 6000mAh, 4G,Smart Power  Dual Sim, Android 10 - Violet","KSh 12,299","KSh 15,000",18%,4.3 out of 5(9),
50,"Nokia C2, 5.7"", Android 9 Pie, 1GB + 16GB (Dual SIM) - Charcoal Black","KSh 7,499","KSh 10,000",25%,4.3 out of 5(36),
51,"Tecno Camon 15 Air,6.6"", 64GB+3GB (Dual SIM), 48MP -Blue+Free SELFIESTICK&OTG& GIFTBAG","KSh 14,999","KSh 23,699",37%,4.1 out of 5(21),
52,Tecno T402 - 3 SIM cards - --Wireless FM Radio - Black,"KSh 1,450","KSh 1,655",12%,4.5 out of 5(99),
53,"Infinix NOTE 7, 6.95"",  128GB + 6GB (Dual SIM), 5000mAh, Black ","KSh 20,699","KSh 22,999",10%,4.5 out of 5(39),
54,"Tecno F1, 5.0"", 8 GB +1 GB, (Dual SIM) - Black","KSh 5,095","KSh 9,999",49%,4.3 out of 5(7),
55,"Tecno Spark 4, 6.52"", 32GB + 2GB (Dual SIM), 4G, Vacation Blue","KSh 10,880","KSh 19,999",46%,4.1 out of 5(60),
56,"Tecno Camon 12 Pro - 6.4"",64GB+6GB,Dual SIM - Blue+ FREE 5D SCREEN PROTECTOR","KSh 16,880","KSh 20,000",16%,4.1 out of 5(35),
57,"Kxd A1, 5.7inch, 1GB+ 16GB, 8MP+0.3MP+5MP Selfie,Android 8.1, Dual Sim.","KSh 5,240","KSh 7,500",30%,4.5 out of 5(11),
58,"Tecno Spark 5 Pro,6.6"",64GB+3GB RAM,Dual SIM,5000 MAh,Blue + FREE WATCH & BT EARPHONES","KSh 13,900","KSh 20,500",32%,,
59,"Infinix Note 7 Lite - 6.6"" - 4GB RAM+64GB (Dual SIM)_Green","KSh 15,399","KSh 21,999",30%,4.7 out of 5(21),
60,"XIAOMI Redmi Note 9 6.53"" FHD+ 48MP 3GB 64GB 4G LTE Smartphone - Green","KSh 16,999","KSh 17,499",3%,4.2 out of 5(22),
61,"Infinix Smart 5, 6.6"",2GB+32GB,8MP,3G Dual Sim,5000MAh-Ocean Wave + FREE GIFTS","KSh 10,298","KSh 13,500",24%,5 out of 5(1),
62,"Safaricom Neon Ray,  5’',1 GB  + 8 GB, (Single SIM) - Black + FREE Protective Cover","KSh 3,800","KSh 4,999",24%,4.3 out of 5(243),
63,"Huawei Y6s, 6.09"" - 3GB/64GB, 3020 MAh, 4G, Dual Sim - Orchid Blue + Free Back Cover","KSh 13,199","KSh 16,999",22%,4.6 out of 5(14),
64,Oukitel C16 Pro 5.71 Inch Black (Dual SIM) 3 + 32G MTK6761 2.0GHZ Quad-core,"KSh 7,499","KSh 11,599",35%,4.2 out of 5(111),
65,"Itel A33 - 5"" 16GB+1GB, Fingerprint, Face Unlock, Dual Sim + Free SELFIE + RING","KSh 5,334","KSh 5,349",1%,4.3 out of 5(3),
66,"XIAOMI Redmi 9 6.53"" 4GB+64GB (Dual SIM) 4G LTE - Green","KSh 14,699","KSh 14,999",2%,4.7 out of 5(51),
67,"Ulefone Note 9P, 6.52"", 4 GB + 64 GB (Dual SIM) - Midnight Green","KSh 11,499","KSh 11,999",4%,4.2 out of 5(14),
68,"Tecno Pop 2 Plus 6"",16 GB+ 1GB, (Dual Sim)  - GOLD + FREE COVER & 5D SCREEN PROTECTOR.","KSh 7,794","KSh 10,000",22%,4.6 out of 5(5),
69,Oukitel C15 Pro+ 6.088'' 3GB 32GB 4G Smartphone Fingerprint Face ID,"KSh 8,099","KSh 12,499",35%,4.2 out of 5(32),
70,"XIAOMI Redmi Note 9 6.53"" FHD+ 48MP 4GB+128GB 4G LTE Smartphone - Green","KSh 18,199","KSh 20,499",11%,4.5 out of 5(17),
71,"Changhong S07 5.0"" 2GB + 16GB  Dual Sim 4G LTE Smartphone- Gold","KSh 4,999","KSh 5,999",17%,,
72,"Ulefone S11, 6.1"", 1GB RAM + 16GB (Dual SIM), 3500mAh,Twilight","KSh 6,299","KSh 7,199",13%,4.2 out of 5(117),
73,"Nokia 105 (2019) (Dual SIM), 1.77"" , FM Radio, + Free Watch","KSh 1,999","KSh 2,300",13%,4.4 out of 5(18),
74,"X Tigi V18 Pro- 5.0""- 16GB+2GB- 8MP- 3200mAh- Dual SIM- Black","KSh 5,499","KSh 5,999",8%,4.2 out of 5(5),
75,"Tecno Camon 15, 4GB/64GB-48MP-5000mAh-4G-(Dual Sim)-GOLD+ Free Gifts","KSh 16,499","KSh 26,000",37%,4.6 out of 5(8),
76,"Tecno F1 - 5.0"" - 8GB+1GB RAM - 2000mAh - Dual SIM - Elegant Black","KSh 5,099","KSh 5,299",4%,4.1 out of 5(395),
77,"Tecno Pop 2 F, 16GB+8GB,  (Dual Sim,) Black","KSh 6,649","KSh 10,799",38%,3.7 out of 5(6),
78,"XIAOMI Redmi 9A 6.53"" 2GB RAM 32GB ROM 13.0MP 5000mAh Dual Sim 4G LTE Smartphone -Grey","KSh 9,999","KSh 15,000",33%,5 out of 5(4),
79,"Samsung Galaxy A60, 6.3"", 6GB RAM + 128GB (Dual SIM), Daybreak Black","KSh 23,750","KSh 30,000",21%,4 out of 5(5),
80,"Infinix Smart 5, 6.6"", 32GB + 2GB RAM (Dual SIM), 3G, 5000MAh, Ocean Wave","KSh 9,599","KSh 9,999",4%,4.8 out of 5(6),
81,"Itel It2160, 1.8"", 32 MB + 32 MB,  (Dual SIM) - Blue",KSh 999,"KSh 1,500",33%,,
82,"Huawei Y6s, 6.09"", 3 GB + 64 GB, 3020 MAh, 4G, (Dual SIM) - Starry Black + Free Headset","KSh 13,299","KSh 16,999",22%,4.6 out of 5(28),
83,"XIAOMI Redmi 9A 6.53"" 2GB RAM 32GB ROM 13.0MP 5000mAh 4G LTE Smartphone - Grey","KSh 9,699","KSh 9,999",3%,4.5 out of 5(89),
84,"Samsung Galaxy A01, 5.7-inch, 16GB + 2GB RAM (Dual SIM), 13MP + 2MP Dual Camera, Blue","KSh 10,699","KSh 20,000",47%,3.9 out of 5(18),
85,"Cubot X19, 5.93 Inches, 4 GB + 64 GB, (Dual SIM),  - Gradient","KSh 10,120","KSh 10,999",8%,4.1 out of 5(173),
86,"X Tigi S23 Mini - Big Torch -FM Radio -Bluetooth -2050 mAh- {Green},","KSh 1,240","KSh 1,999",38%,4.1 out of 5(41),
87,"Samsung Galaxy A21s,4GB RAM+64GB,6.5"",Dual SIM,Black+FREE BACK COVER+5D SCREEN PROTECTOR","KSh 19,999","KSh 39,000",49%,5 out of 5(1),
88,,,,,,
89,,,,,,
90,,,,,,
91,,,,,,
92,,,,,,
93,,,,,,
94,,,,,,
95,,,,,,
96,"Samsung Galaxy A71 - 6.7"" - 8GB RAM + 128GB - Dual SIM - Black","KSh 39,599","KSh 45,000",12%,4.6 out of 5(20),
97,"Infinix HOT 9 PLAY, 6.82', 32+2, 6000mAh, 4G,Smart Power  Dual Sim, Android 10 - Black","KSh 12,299","KSh 15,000",18%,4.3 out of 5(10),
98,"Bontel 3310 - 1,000 MAh Battery - Black",KSh 999,"KSh 1,777",44%,4.2 out of 5(30),
99,"Itel A36, 5.5"",1GB +16GB 4000mAh, Fingerprint  Deep Blue+ Free 16GB Mem Card+Ring","KSh 6,399","KSh 8,699",26%,4 out of 5(14),
100,"E&L W45, 4.5inch ,512MP + 4GB, Clear Camera +2MP Selfie,Dual Sim","KSh 2,999","KSh 4,999",40%,3.4 out of 5(5),
101,"X Tigi V7 Pro, 2.8"", 8GB +1GB, 2MP Camera, (Dual SIM) - Black","KSh 3,599","KSh 5,999",40%,3.5 out of 5(13),
102,"Tecno Pouvoir 3 Air, 6"", 16GB + 1GB (Dual SIM), Black + FREE 16GB Memory Card","KSh 9,999","KSh 14,999",33%,4.5 out of 5(24),
103,"Tecno Spark 4 2020, Android 10-6.52""-4000 MAh-32GB/2GB-13MP-Dual SIM- PURPLE+Gift","KSh 11,490","KSh 21,000",45%,4.2 out of 5(11),
104,"XIAOMI Redmi Note 8 Pro - 6.53"" - (6GB, 64GB) - Dual SIM - Mineral Grey","KSh 19,499","KSh 20,999",7%,4.7 out of 5(31),
105,"Samsung Galaxy A10S 6.2"" 4000 MAh - 32GB + 2GB- Dual Sim, 4G - BLACK + Free OTG Cable","KSh 13,999","KSh 15,000",7%,4.5 out of 5(13),
106,XIAOMI Redmi 9 6.53 Inch 3GB 32GB 13.0MP Camera 4G LTE Smartphone - Green,"KSh 13,899","KSh 13,999",1%,4.5 out of 5(24),
107,"Samsung Galaxy A31 - 6.4"" - 128GB + 4GB - Dual SIM - Prism Crush Blue","KSh 23,060","KSh 31,000",26%,4.7 out of 5(13),
108,"XIAOMI Redmi 9A, 6.53"", 2 GB + 32 GB 5000mAh (Dual SIM) - Green","KSh 9,699","KSh 9,999",3%,4.5 out of 5(54),
109,"Tecno Spark 4- 6.52""- 32GB + 2GB- Dual SIM 4G -Vacation Blue+ FREE Bluetooth Earphone","KSh 11,199","KSh 16,000",30%,4.5 out of 5(38),
110,"Tecno Spark 5 Pro, 6.6"", 64GB + 3GB RAM (Dual SIM), 5000 MAh, Ice Jadeite","KSh 13,200","KSh 16,999",22%,4 out of 5(1),
111,Tecno T301 Dual Sim - Gold With Memory Card Slot Upto 32 GB,"KSh 1,221","KSh 1,236",1%,4.2 out of 5(80),
112,"Wiko Jerry4- 5.99"" -16GB ROM - 8MP Camera - Dual SIM - GRADIENT DARK BLUE","KSh 5,999","KSh 6,999",14%,4.6 out of 5(5),
113,Ray LTE_1GB/8GB-4G_Black+FREE COVER+SELFIE,"KSh 4,199","KSh 6,000",30%,4.4 out of 5(44),
114,"Nokia 6.1 Plus 5.8"" 4GB+64GB (Dual SIM) - Black","KSh 16,650","KSh 30,000",45%,4.6 out of 5(40),
115,Oukitel C19 4G Smartphone 6.49 Inch Android 10 Go 2GB RAM 16GB ROM 4000mAh - Black,"KSh 6,900","KSh 13,529",49%,5 out of 5(1),
116,Homtom HT80 IP68 Waterproof Smartphone 4G LTE Android 10 5.5 Inch Mobile Phone,"KSh 6,999","KSh 12,999",46%,3.3 out of 5(8),
117,XIAOMI Mi Piston In-Ear Earphones Headphones Woofer Headset Silver,KSh 747,KSh 797,6%,4.8 out of 5(13),
118,Nokia 5130 XpressMusic Mobile Phone Bluetooth Russian Keyboard Support Cell Phone,"KSh 2,200","KSh 4,000",45%,3.3 out of 5(3),
119,"Vonex A5605 , Camera, FM Radio, Dual Sim, Battery 1800mAH With Strong Torch+facebook","KSh 1,050","KSh 1,500",30%,3.8 out of 5(45),
120,"X Tigi V7 Pro, 2.8"", 8GB +1GB, 2MP Camera, (Dual SIM) - Gold","KSh 3,599","KSh 5,999",40%,4.1 out of 5(8),
121,"Itel 5081-Triple SIM CARD ,2.40''Opera Mini - Blue","KSh 1,298","KSh 2,499",48%,4.7 out of 5(7),
122,"Tecno Pop4, 32+2GB,  6.0"" 3G(Dual Sim), 5000MAh  Dawn Blue","KSh 8,840","KSh 10,000",12%,4.2 out of 5(6),
123,"Samsung Galaxy A60, 6.3"", 6GB RAM + 128GB (Dual SIM), Black","KSh 24,290","KSh 30,000",19%,4.3 out of 5(7),
124,"Nokia 105 4th Edition, 1.77"", 4 MB RAM + 4 MB ROM, (Dual SIM) (2019) -  Black","KSh 1,639","KSh 3,000",45%,4.3 out of 5(135),
125,"Itel A56 5.99"", 8MP+5MP , 4000mAh, Fingerprint & Face ID , + Free  Headset & OTG ","KSh 7,098","KSh 10,999",35%,4.4 out of 5(5),
126,"Tecno Camon 15, 6.6"", 64GB + 4GB (Dual SIM), 48M AI Quad Camera - Purple","KSh 15,350","KSh 15,380",1%,4.8 out of 5(28),
127,"Ulefone Note 9P, 6.52"", 4 GB + 64 GB (Dual SIM) - Aurora Blue","KSh 11,499","KSh 11,999",4%,4.3 out of 5(15),
128,"Samsung Galaxy A31 - 6.4"" - 128GB + 4GB - Dual SIM - Prism Crush Black","KSh 23,060","KSh 31,000",26%,4.8 out of 5(15),
129,"Itel A36 5.5'' HD, 8MP+5MP ,1GB - 16GB 3020mAh +Free OTG Cable Black","KSh 6,255","KSh 9,999",37%,4.2 out of 5(5),
130,"Oppo A93, 6.4"", 128GB + 8GB RAM (Dual SIM), Matte Black + Free OPPO Bluetooth Speaker","KSh 30,999",,,,
131,XIAOMI Redmi 9 6.53 Inch 4GB 64GB 13.0MP Camera 4G LTE Smartphone - Purple,"KSh 14,699","KSh 14,999",2%,4.7 out of 5(49),
132,"Infinix Note 8i, 6.95"", 64GB + 4GB RAM (Dual SIM), Obsidian Black","KSh 16,090","KSh 25,999",38%,4 out of 5(1),
133,"Infinix NOTE 7 Lite, 6.6"", 64GB + 4GB RAM (Dual SIM), 5000mAh, Grey","KSh 15,499","KSh 17,999",14%,4.6 out of 5(5),
134,"Oppo A1K, 6.1"", 32GB+2GB, Dual SIM - Red +FREE Fancy Cover & Selfie Stick","KSh 11,999","KSh 18,000",33%,4.1 out of 5(7),
135,"Tecno Spark 5 Air,7.0"",13MP,2GB+32GB,5000MAh,VACATION BLUE+Free SelfieStick&PopSocket.","KSh 12,999","KSh 20,000",35%,4.7 out of 5(7),
136,,,,,,
137,,,,,,
138,,,,,,
139,,,,,,
140,,,,,,
141,,,,,,
142,,,,,,
143,,,,,,
144,"Cubot P40, 6.2"", 4GB + 128GB, (Dual SIM) Quad Camera Android 10 NFC 20MP Selfie- Green","KSh 13,090","KSh 13,750",5%,4.7 out of 5(7),
145,"XIAOMI Redmi 9A 6.53"" 2GB + 32GB ( Dual Sim) 4G LTE -  Gray","KSh 9,999","KSh 15,000",33%,4.5 out of 5(13),
146,"Nokia C1, 5.45"", 1GB +16GB - (DUAL SIM),Android 9 Pie, Charcoal + FREE OTG","KSh 6,389","KSh 10,999",42%,4.5 out of 5(48),
147,"Tecno Spark 4, 32GB + 2GB 4G, 6.52"", Dual SIM, Vacation Blue","KSh 10,980","KSh 20,000",45%,4.7 out of 5(22),
148,"Samsung Galaxy A10s 6.2"" - 32GB + 2GB - Dual Sim, 4G - BLUE + FREE STYLISH COVER & RING","KSh 13,999","KSh 18,000",22%,4.9 out of 5(7),
149,"X Tigi V8, 4.0"", 8 GB +1 GB RAM, Dual SIM, 2000mAh - Black","KSh 3,999","KSh 5,999",33%,3.9 out of 5(49),
150,"Cubot X19, 5.93 Inch, 4 GB RAM + 64 GB, (Dual SIM) - Black","KSh 9,900","KSh 10,999",10%,4.1 out of 5(137),
151,"Infinix Smart 5, 32GB + 2GB RAM, 6.6"", (Dual SIM), Midnight Black","KSh 10,950","KSh 15,000",27%,4.6 out of 5(8),
152,"SuperD C1001  5.5"" FHD DISPLAY 3 GB RAM , 32GB ROM - (DUAL SIM) - GOLD","KSh 6,999","KSh 12,000",42%,3.3 out of 5(18),
153,"XIAOMI Redmi Note 8 Pro - 6.53"" - 6GB, 128GB, Dual SIM - Blue","KSh 23,499","KSh 24,499",4%,4.6 out of 5(25),
154,Generic Cartoon Music Mobile Phone Glowing Children'S Educational Toys Multicolor,KSh 57,KSh 114,50%,3.5 out of 5(2),
155,"Itel A14, 4.0"", 512 MB + 8 GB, (Dual SIM), 1500mAh - Elegant Black","KSh 3,499","KSh 4,000",13%,4.3 out of 5(3),
156,Nokia 105 - Black - Dual sim,"KSh 1,620","KSh 1,634",1%,4.4 out of 5(194),
157,"XIAOMI Redmi Note 9 Pro 6.67"" 64MP 6GB 128GB 4G LTE Smartphone - Grey","KSh 25,999","KSh 27,999",7%,4.4 out of 5(33),
158,"Oppo A5s, 6.2"", 32GB + 3GB (DUAL SIM) 4G Blue+ FREE OTG+SELFIE STICK","KSh 14,497","KSh 25,000",42%,4.7 out of 5(10),
159,"Bontel L400 1.77""Screen,Big Speaker,Power Bank Option, 1000 mAh - Green",KSh 950,"KSh 1,777",47%,3.8 out of 5(24),
160,"X Tigi 3308 Super Tiny & World Smallest Phone - Dual Sim, Fm Radio, Bluetooth Dial","KSh 1,709","KSh 2,999",43%,4.6 out of 5(7),
161,"Redmi 9 , 6.53""  4GB RAM+64GB ROM ,quad Camera, 4G LTE , Grey","KSh 15,499","KSh 17,999",14%,5 out of 5(1),
162,"Tecno Camon 15, 6.6"" - 4GB+64GB- 48MP Camera- 4G-5000mAh- Gold+ FREE Headset","KSh 15,399","KSh 24,999",38%,5 out of 5(6),
163,"Itel A36, 16GB + 1GB, 5.5” HD+ IPS FullScreen, Android, BLUE + FREE BLUETOOTH HEADSET","KSh 6,500","KSh 8,000",19%,4.5 out of 5(4),
164,"Tecno Pop 4, 6.0"",2GB+32GB, 3G (Dual) 5000MAh-Green + FREE BLUETOOTH EARPHONES + WATCH","KSh 9,100","KSh 9,500",4%,,
165,"Cubot Note 7, 5.5 Inches,4G LTE,2GB + 16GB,3100mAh  (Dual SIM),Triple Camera -Green","KSh 7,150","KSh 8,250",13%,4.5 out of 5(2),
166,"Huawei Y6p, 6.3"", 64GB/3GB-(Dual SIM)-Emerald Green+Free Gifts","KSh 15,198","KSh 18,000",16%,4.6 out of 5(8),
167,"Infinix NOTE 7, 6.95"", 6GB + 128GB (Dual SIM), 5000mAh - Aether Black","KSh 21,270","KSh 40,000",47%,4.5 out of 5(19),
168,"Ulefone S11, 6.1"", 1GB RAM + 16GB (Dual SIM), 3500mAh, Gold","KSh 6,299","KSh 7,199",13%,3.3 out of 5(13),
169,"Tecno T402 - Triple SIM Cards, Memory Card Slot, Wireless FM+Free Earphones - Black","KSh 1,990","KSh 2,899",31%,4.2 out of 5(19),
170,"Huawei Nova 7i, 6.4""-8GB/128GB-4200MAh-Sakura Pink+FREE GIFTS","KSh 29,999","KSh 42,000",29%,5 out of 5(3),
171,"Apple IPhone 7, 128GB + 2GB RAM (Single SIM) 4G/LTE - Black","KSh 30,899","KSh 49,999",38%,4 out of 5(3),
172,"Nokia 105 (2019) 1.77"" (Dual SIM) - Black + FREE Stereo Earphones","KSh 1,850","KSh 3,300",44%,4 out of 5(3),
173,"Tecno Pop 2 Plus, 6"" 16GB+1GB, 5000mAh, (Dual Sim) _ Nebula Black","KSh 7,499","KSh 9,999",25%,4.3 out of 5(6),
174,"Samsung Galaxy A10S,6.2"",32GB+2GB(Dual SIM),Blue-Free SelfieStick,Backcover,OTG Cable","KSh 13,820","KSh 19,999",31%,4.9 out of 5(7),
175,Itel A14 - 4.0“ - 8GB ROM - 512MB RAM - Dual Sim _black Plus Free Bluetooth Headset,"KSh 3,799","KSh 4,999",24%,3 out of 5(3),
176,"Tesla 6.3, 5"", 32GB + 3GB (Dual SIM), Black","KSh 6,500","KSh 10,000",35%,3.9 out of 5(39),
177,"XIAOMI Redmi Note 8 Pro - 6.53"" - (6GB, 64GB) - 4500mAh - Dual SIM - Blue","KSh 19,499","KSh 20,999",7%,4.5 out of 5(45),
178,"Tecno POP 2 F, 5.5'', 16GB + 1GB (Dual SIM),Gold","KSh 6,595","KSh 8,986",27%,4 out of 5(31),
179,"XIAOMI Redmi 9A 6.53""Display 2GB RAM+ 32GB ROM ( Dual Sim) 4G LTE - Granite Gray","KSh 9,999","KSh 14,999",33%,4.4 out of 5(8),
180,"Cubot R15 Pro - 6.26"" - 3 GB + 32 GB -Stock Android 9.0 - (Dual SIM) - Black","KSh 8,800","KSh 9,999",12%,3.9 out of 5(189),
181,"Tecno Spark 4 - 6.52""Display, 2GB +32GB,..13MP + 8MP,,, 4000mAh, 4G,--Dual Sim -Blue","KSh 10,888","KSh 10,900",1%,4.8 out of 5(12),
182,Generic Fixed Wireless Desk Phone SIM Card Home Office Desktop Phone,"KSh 1,719","KSh 3,438",50%,4.3 out of 5(3),
183,"Samsung Galaxy M31, 6.4"", 128GB + 6GB RAM (Dual SIM), 6000mAh, Black","KSh 25,690","KSh 35,000",27%,4.5 out of 5(33),
184,,,,,,
185,,,,,,
186,,,,,,
187,,,,,,
188,,,,,,
189,,,,,,
190,,,,,,
191,,,,,,
192,"X Tigi V29pro - 6.1""- 32GB+2GB- 8MP- 4000mah - Dual SIM- Black","KSh 7,999","KSh 9,999",20%,,
193,"Oppo A1k, 6.1"", 32 GB + 2 GB, 4000 MAh (Dual SIM) - Red +FREE SELFIESTICK","KSh 11,199","KSh 17,999",38%,,
194,Apple IPhone 6 4.7-Inch 1G+16G  8MP 4G LTE Smartphone–Gold,"KSh 13,700","KSh 26,863",49%,4.6 out of 5(7),
195,XIAOMI Mi Piston In-Ear Earphones Headphones Headset Black,KSh 797,KSh 897,11%,4.7 out of 5(37),
196,"Huawei Y6s, 6.09"",64GB+3GB RAM(Dual SIM),-Blue+Free Selfie Stick, Back Cover, OTG Cable","KSh 12,895","KSh 17,999",28%,3.9 out of 5(8),
197,"Tecno Pouvoir 3 Air (LC6) - 6.0"" -4G,16GB+1GB- Black + Free OTG ","KSh 8,333","KSh 8,600",3%,4.3 out of 5(12),
198,"Oukitel C19 （black） 6.49 ""2 + 16g Mtk6737 1.3GHz Quad Core","KSh 7,150","KSh 12,499",43%,3.8 out of 5(4),
199,"Huawei Y6s, 6.09""-3GB/64GB,3020 MAh, Dual -Starry Black+FREE Selfie Stick + Cover + OTG","KSh 13,299","KSh 15,000",11%,4.5 out of 5(24),
200,"Safaricom Neon Ray LTE, 1GB _ 8GB, 4G - Black + FREE Protective Cover","KSh 3,600","KSh 4,999",28%,4.5 out of 5(32),
201,"Tecno Camon 15 Air , 6.6"", 64GB + 3GB (Dual SIM), 48M AI Quad Camera - Malachite Blue","KSh 14,200","KSh 15,500",8%,5 out of 5(11),
202,"Tecno F1, 5.0"", 8GB +1GB RAM (Dual SIM), 5MP Camera, Black + FREE Watch","KSh 5,400","KSh 7,000",23%,4.6 out of 5(5),
203,"XIAOMI Redmi Note 9 6.53"" FHD+ 48MP 3GB 64GB 4G LTE Smartphone - White","KSh 16,999","KSh 17,499",3%,4.3 out of 5(26),
204,"Infinix Note 8, 6.95"", 128GB + 6GB (Dual SIM),Silver Diamond + FREE BLUETOOTH HEADPHONES","KSh 23,500","KSh 34,800",32%,,
205,Bontel Little Lover L2 Touch Keypad -Gold,"KSh 2,930","KSh 5,670",48%,,
206,Samsung Keystone 2 Dual SIM 1.52 Inch 800mAh GSM Cell Phone,"KSh 2,000","KSh 2,500",20%,,
207,Blackview A60 Smartphone 1GB+16GB(Black)4080mAh 19:9 6.1 Inch Dual Camera,"KSh 6,520","KSh 8,999",28%,4.8 out of 5(5),
208,"Infinix S5 Pro, 6.53"", 64GB + 4GB, 4G, 4000mAh,Forest Green Plus Free BT Earphones & OTG","KSh 16,999","KSh 17,999",6%,5 out of 5(1),
209,Itel It 2160 - Dual SIM - Dark Blue PLUS FREE EARPHONES,KSh 990,"KSh 1,500",34%,4.2 out of 5(10),
210,"X Tigi V30 Max- 6.0""- 4G LTE- 32GB+3GB- 4000mah - Dual SIM- Green","KSh 8,499","KSh 9,999",15%,4.7 out of 5(10),
211,"Samsung Galaxy A11, 6.4"", 2GB+32GB, 13MP - Dual Sim, 4000MAh- Black + Free Gifts","KSh 13,699","KSh 15,000",9%,,
212,"Huawei Y6p,6.3"",64GB+3GB(Dual Sim), 5000 MAh Phantom Purple + FREE SELFIE STICK & RING","KSh 14,799","KSh 19,000",22%,4.5 out of 5(6),
213,"Samsung Galaxy A01, 5.7-inch, 16GB + 2GB RAM (Dual SIM), 13MP + 2MP Dual Camera, Black","KSh 10,798","KSh 20,000",46%,4.5 out of 5(17),
214,"Infinix Smart 5, 6.6'' - 2GB+32GB, 8MP,5000mAh-Midnight Black + FREE Selfie Stick & Ring","KSh 10,299","KSh 15,000",31%,4 out of 5(4),
215,"XIAOMI Redmi 9 6.53"" 4GB+64GB (Dual SIM) 4G LTE - Grey","KSh 14,999",,,4.7 out of 5(66),
216,"Samsung Galaxy M31s, 6.5"", 128GB + 8GB RAM (Dual SIM), 6000mAh, Black","KSh 28,699","KSh 40,000",28%,,
217,"Oppo A31-6.5""4GB RAM+64GB (Dual SIM), 8MP Front AI Beautification- Black","KSh 17,999","KSh 25,000",28%,,
218,"XIAOMI Redmi 9A 6.53"" 2GB + 32GB ( Dual Sim) 4G LTE - Sky Blue","KSh 10,499","KSh 15,000",30%,4.6 out of 5(24),
219,Tecno T301 - Dual SIM - Camera and Torch Light - 1150mAh - Gold,"KSh 1,399","KSh 2,500",44%,4.2 out of 5(27),
220,Apple IPhone 5 - 16GB ROM +1GB RAM -8 MP- 4inch-Apple Smartphones,"KSh 5,250","KSh 8,000",34%,5 out of 5(1),
221,"Infinix NOTE 7 Lite, 6.6""-4GB/64GB-48MP-(Dual SIM)-5000Mah-Space Grey+FREE 32GBFLASH+OTG","KSh 15,999","KSh 24,900",36%,4.7 out of 5(3),
222,"Infinix NOTE 7 Lite - 6.6"",4GB+64GB (Dual SIM),Grey +FREE Screen Protector&Selfie Stick","KSh 15,599","KSh 22,999",32%,4 out of 5(5),
223,"Tecno POP 2 Plus, 16GB+1GB, (Dual Sim) 5000 MAh - Black + FREE Watch","KSh 7,599","KSh 9,999",24%,4.2 out of 5(22),
224,"Infinix Hot 9 (X655-V), 6.6"", 32GB + 2GB RAM (Dual SIM) 5000mAh, Quetzal Cyan","KSh 12,399","KSh 15,999",23%,5 out of 5(2),
225,X Tigi S23 Mini - Torch - Speaker - Black,"KSh 1,277","KSh 2,000",36%,4.2 out of 5(19),
226,"Ulefone Armor X3, 5.5"", 2 GB + 32 GB, Dual SIM, 5000mAh - Black","KSh 8,999","KSh 9,499",5%,4.4 out of 5(60),
227,"Safaricom Neon Ray LTE,5""Display 1GBRam + 8GBRom - Black + Free Watch","KSh 4,000","KSh 4,600",13%,4.5 out of 5(4),
228,"Huawei Y6s, 6.09"" - 3GB/64GB, 3020 MAh, 4G, Dual Sim - Starry Black","KSh 12,499","KSh 18,000",31%,5 out of 5(1),
229,"Realme C3, 6.5'', 3GB + 64GB (Dual SIM) - 5000mah - Blue + Free Gift Bag","KSh 13,999","KSh 15,999",13%,,
230,"Tecno POP 3, 5.7Full View Screen"", 1GB + 16GB, 3500mAh, (Dual Sim) - Black","KSh 6,999","KSh 8,000",13%,3.8 out of 5(4),
231,"Tecno Spark 4, 6.52"", 32GB + 2GB RAM - (Dual SIM) 4G -Vacation Blue","KSh 10,785","KSh 13,000",17%,5 out of 5(1),
232,,,,,,
233,,,,,,
234,,,,,,
235,,,,,,
236,,,,,,
237,,,,,,
238,,,,,,
239,,,,,,
240,"Itel 5081-2.40""Display, Triple Sim, Opera Mini , - Blue","KSh 1,250","KSh 1,599",22%,4 out of 5(1),
241,"Cubot P40, 6.2 Inch, 4GB + 128GB, (Dual SIM) Quad Camera Android 10 20MP Selfie- Blue","KSh 13,090","KSh 13,750",5%,,
242,"Infinix Smart 5, 6.6"",2GB+32GB,;8MP,4G Dual Sim,5000MAh-Ocean Wave+FREE Selfiestick+OTG","KSh 10,599","KSh 15,000",29%,,
243,"Tecno Pop 3 16GB+1GB RAM- 5.7""-3500mAh-Dual SIM-Black + 3D PROTECTOR & PHONE COVER","KSh 7,399","KSh 10,800",31%,5 out of 5(1),
244,"Tecno Camon 16 Pro,6.8'', 6GB +128GB, (Dual SIM) - Ice Crystal Blue","KSh 20,650","KSh 30,990",33%,,
245,"Nokia 5.1 Plus, 5.9"", 32GB + 3GB RAM (Dual SIM), 3060mAh,  White","KSh 13,498","KSh 20,000",33%,4.8 out of 5(10),
246,"Realme C11, 6.5'', 2GB + 32GB (Dual SIM) - 5000mah - Mint Green +Free Gift Bag","KSh 9,999",,,5 out of 5(3),
247,"Tecno Spark 4, 6.52"", 32GB + 2GB (Dual SIM), 4G, Royal Purple","KSh 10,840","KSh 17,000",36%,4.5 out of 5(44),
248,"Oppo A1K, 6.1"", 32GB+2GB, Dual SIM - Red +FREE SELFIE STICK+RING+OTG CABLE","KSh 11,299","KSh 18,000",37%,,
249,"Nokia C1-5.45""_1GB/16GB_DUALSIM_2500MaH_5MP_Charcoal+FREE GIFTS","KSh 6,998","KSh 10,000",30%,4 out of 5(9),
250,"XIAOMI Redmi 9  6.53"" 4GB + 64GB (Dual SIM) 4G LTE - Grey","KSh 15,588","KSh 21,999",29%,4.3 out of 5(3),
251,"Nokia 5.1 Plus, 5.8"", 32GB + 3GB RAM, Android, (Dual SIM), Blue","KSh 13,499","KSh 15,000",10%,4.8 out of 5(4),
252,"XIAOMI Redmi Note 8 Pro - 6.53"" (6GB, 128GB)  - Forest Green","KSh 24,999",,,4.3 out of 5(20),
253,"Wiko Tommy 3 Plus, 5.45"", 16GB + 2GB (Dual SIM), 2900mAh, Gold","KSh 6,899","KSh 6,999",1%,4.4 out of 5(8),
254,"Gionee M6 Mini, 5.45"", 1 GB + 16 GB (Dual SIM) - Blue","KSh 4,999","KSh 6,999",29%,4.1 out of 5(226),
255,"Safaricom Neon Ray, 5’',1 GB + 8 GB, (Single SIM) - Black + FREE BACK COVER","KSh 3,546","KSh 5,000",29%,,
256,"Tecno SparK 5 Pro,6.6'',3GB+64GB,5000mAh,4G Ice Jadeite+FREE Selfie,Cover,OTG &Ring","KSh 13,999","KSh 19,999",30%,,
257,"Tecno Pop 2 Plus 6"",16gb+ 1gb,  - Midnight Black 5000mAh","KSh 7,499","KSh 9,999",25%,4.7 out of 5(13),
258,"Tecno Spark5 Pro,6.6"",64GB+3GB(Dual SIM),5000MAh,Ice Jadeite+FREE WATCH&BT EARPHONES","KSh 13,490","KSh 16,999",21%,,
259,"Samsung Galaxy A21s,4GB RAM+64GB,6.5"",Dual SIM+FREE BACK COVER+5D SCREEN PROTECTOR,Blue","KSh 19,999","KSh 39,000",49%,5 out of 5(2),
260,"Oppo A93, 6.4"", 128 GB + 8 GB (Dual SIM), 4000 MAh - Black.","KSh 29,899",,,,
261,"Samsung Galaxy A31 - 6.4"" - 128GB + 4GB - Dual SIM - Prism Crush White","KSh 23,060","KSh 31,000",26%,4.5 out of 5(2),
262,"Ulefone Note 9P, 6.52"", 4 GB + 64 GB (Dual SIM) - Black","KSh 11,499","KSh 11,999",4%,4.2 out of 5(9),
263,"Infinix Hot 8 Lite, 6.6"", 2 GB RAM + 32 GB (Dual SIM) - Cosmic Purple","KSh 12,222","KSh 19,999",39%,4.2 out of 5(44),
264,"Huawei Y6p  6.3"", 3GB+64GB,Dual, 5000MAh, Black+Free HEADSET, RING, COVER, GITBAG & OTG","KSh 16,599","KSh 21,999",25%,,
265,"Wiko Sunny 4, 5"", 16GB + 1GB RAM (Dual SIM), 2200mAh, Dark Grey","KSh 4,999","KSh 7,499",33%,4.8 out of 5(4),
266,Nokia 5310 XpressMusic 2.1 Inch 2GSM Slim Bluetooth Camera MP3 Player Mobile Phone,"KSh 2,800","KSh 4,500",38%,,
267,"Nokia 106 - Dual Sim - .1.8"" Display - 4MB RAM - Grey","KSh 1,899","KSh 2,000",5%,4.1 out of 5(14),
268,"Ray,5""Display 1GBRam + 8GBRom, - Black","KSh 3,799","KSh 4,999",24%,,
269,"Tecno  Camon 15 Air-Octa-Core Processor 6.6"" Inch - 3GB RAM - 64GB ROM , 4G - Grey","KSh 13,999","KSh 18,000",22%,,
270,"Tecno POP 3, 5.7"", 1GB + 16GB, 3500mAh, Dual Sim,Black Plus Free Backcover+SelfieStick","KSh 7,190","KSh 9,999",28%,4.3 out of 5(6),
271,"Infinix HOT 9 PLAY, 2GB+32GB -6000mAh- (Dual Sim) Cyan +FREE  Protector & Selfie Stick","KSh 12,999","KSh 20,000",35%,4.4 out of 5(7),
272,Apple IPhone 6 Plus 5.5'' 128GB IOS 4G Smartphone With Fingerprint (Authorized Resell）- Gold,"KSh 24,900","KSh 90,000",72%,,
273,"Huawei Y8p, 6.3"" OLED, 128GB+6GB-(Dual SIM)-Breathing Crystal+FREE GIFTS","KSh 24,299","KSh 35,999",33%,4.8 out of 5(4),
274,"Tecno T301; Dual Sim,With Memcard Slot And Expandable Mem Upto 32GB-BLACK","KSh 1,370","KSh 1,699",19%,4 out of 5(8),
275,"Huawei Y5 Prime 2019, 32GB + 2GB (Dual SIM), Black + FREE OTG & Selfie stick","KSh 10,999","KSh 15,000",27%,4.6 out of 5(5),
276,"Tecno Camon 15, 6.6"" - 4GB+64GB - 48MP Camera,Dual SIM- 4G- 5000mah- Shoal Gold","KSh 15,398","KSh 27,000",43%,4.8 out of 5(4),
277,"Infinix NOTE 7 Lite, 6.6""-4GB/64GB-48MP-(Dual SIM)-5000Mah-Space Grey+FREE Gifts","KSh 15,999","KSh 24,900",36%,3 out of 5(2),
278,"Safaricom Neon Ray LTE, 5"" (8GB + 1GB) 4G - BLACK + FREE Cover + Selfie Stick + Phone Ring","KSh 4,599","KSh 5,000",8%,4.6 out of 5(5),
279,"Infinix Smart 5, 6.6"", 32GB + 2GB RAM (Dual SIM), 3G, 5000MAh, Midnight Black","KSh 9,950","KSh 15,000",34%,4.3 out of 5(3),
280,,,,,,
281,,,,,,
282,,,,,,
283,,,,,,
284,,,,,,
285,,,,,,
286,,,,,,
287,,,,,,
